,Links
0,http://www.indiedb.com/games/rp2
1,http://www.indiedb.com/games/galactic-arms-race
2,http://www.indiedb.com/games/colony-assault
3,http://www.indiedb.com/games/project-x-lost-memories
4,http://www.indiedb.com/games/zombie-pirate-robot-attack
5,http://www.indiedb.com/games/zeno-clash
6,http://www.indiedb.com/games/deadlock
8,http://www.indiedb.com/games/mcdroid
9,http://www.indiedb.com/games/postal
10,http://www.indiedb.com/games/cubo
11,http://www.indiedb.com/games/nudo
12,http://www.indiedb.com/games/trapthem
13,http://www.indiedb.com/games/quartal
14,http://www.indiedb.com/games/chivalry-is-not-dead
15,http://www.indiedb.com/games/dungelot
16,http://www.indiedb.com/games/battlemass
17,http://www.indiedb.com/games/spacechem
18,http://www.indiedb.com/games/mountblade-warband-napoleonic-wars
19,http://www.indiedb.com/games/paper-sorcerer
20,http://www.indiedb.com/games/mrowrios-adventures
21,http://www.indiedb.com/games/blendimals
22,http://www.indiedb.com/games/and-yet-it-moves
23,http://www.indiedb.com/games/dot1
24,http://www.indiedb.com/games/monster-men
25,http://www.indiedb.com/games/bastion
26,http://www.indiedb.com/games/luminesca
27,http://www.indiedb.com/games/gratuitous-space-battles
28,http://www.indiedb.com/games/miasmata
29,http://www.indiedb.com/games/captain-morgane-and-the-golden-turtle
30,http://www.indiedb.com/games/little-kingdom
31,http://www.indiedb.com/games/knights-of-honor
32,http://www.indiedb.com/games/dwarf-fortress
33,http://www.indiedb.com/games/banished
34,http://www.indiedb.com/games/world-war-ii-heroes-of-valor-text-based-strategy
39,http://www.indiedb.com/games/tenshu-general
40,http://www.indiedb.com/games/spice-road
41,http://www.indiedb.com/games/expeditions-conquistador
42,http://www.indiedb.com/games/tribal-hero
43,http://www.indiedb.com/games/invidia-422ac
45,http://www.indiedb.com/games/40-stories
46,http://www.indiedb.com/games/blackwell-legacy
47,http://www.indiedb.com/games/heileen
48,http://www.indiedb.com/games/ristorante-amore
49,http://www.indiedb.com/games/da-new-guys
50,http://www.indiedb.com/games/monster-truck-racing-arenas
51,http://www.indiedb.com/games/vroom
52,http://www.indiedb.com/games/monster-minis-extreme-off-road
53,http://www.indiedb.com/games/nitronic-rush
54,http://www.indiedb.com/games/meteor-2
55,http://www.indiedb.com/games/awesome-soccer-world-2010
56,http://www.indiedb.com/games/wrestling-revolution
57,http://www.indiedb.com/games/full-ace-tennis-simulator
58,http://www.indiedb.com/games/pallino-doro-2012
59,http://www.indiedb.com/games/new-star-soccer-2010
60,http://www.indiedb.com/games/squadron-aiu-dark-storm
61,http://www.indiedb.com/games/a-nation-of-wind
62,http://www.indiedb.com/games/assault
63,http://www.indiedb.com/games/the-haunted-hells-reach
64,http://www.indiedb.com/games/begone
65,http://www.indiedb.com/games/actual-sunlight
66,http://www.indiedb.com/games/super-hexagon
67,http://www.indiedb.com/games/dream-of-the-blood-moon
68,http://www.indiedb.com/games/cod-of-duty
69,http://www.indiedb.com/games/openclonk
70,http://www.indiedb.com/games/supertuxkart
71,http://www.indiedb.com/games/driving-speed-pro
72,http://www.indiedb.com/games/gas-guzzlers-combat-carnage
74,http://www.indiedb.com/games/yogscart
76,http://www.indiedb.com/games/need-for-madness-2
78,http://www.indiedb.com/games/karboom
79,http://www.indiedb.com/games/mtbfreeride
80,http://www.indiedb.com/games/freecol
81,http://www.indiedb.com/games/serious-sam-3-bfe
82,http://www.indiedb.com/games/hearts-of-iron-2
83,http://www.indiedb.com/games/freeciv
84,http://www.indiedb.com/games/europa-universalis-iii
85,http://www.indiedb.com/games/operation-sd-space-defense
87,http://www.indiedb.com/games/nuclear-dawn
90,http://www.indiedb.com/games/braid
91,http://www.indiedb.com/games/qasir-al-wasat
92,http://www.indiedb.com/games/the-inner-world
93,http://www.indiedb.com/games/millennium-a-new-hope
94,http://www.indiedb.com/games/dont-starve
95,http://www.indiedb.com/games/deprivation
96,http://www.indiedb.com/games/micy-roll
97,http://www.indiedb.com/games/max-the-magic-marker
98,http://www.indiedb.com/games/ski-park-tycoon
99,http://www.indiedb.com/games/micron
100,http://www.indiedb.com/games/pound-of-ground
101,http://www.indiedb.com/games/gravi
102,http://www.indiedb.com/games/putup
103,http://www.indiedb.com/games/a-virus-named-tom
104,http://www.indiedb.com/games/bridge-it
105,http://www.indiedb.com/games/hero-siege
106,http://www.indiedb.com/games/deadly-30
107,http://www.indiedb.com/games/exceed-2nd-vampire-rex
108,http://www.indiedb.com/games/squid-yes-not-so-octopus
109,http://www.indiedb.com/games/call-of-tomsk-7
110,http://www.indiedb.com/games/junipers-knot
111,http://www.indiedb.com/games/fingerbones
112,http://www.indiedb.com/games/platformance-castle-pain
113,http://www.indiedb.com/games/first-pixel-shooter-episode-2
114,http://www.indiedb.com/games/roboblitz
116,http://www.indiedb.com/games/aeternum
117,http://www.indiedb.com/games/elven-legacy-collection
118,http://www.indiedb.com/games/spyleaks
119,http://www.indiedb.com/games/dreamscape
120,http://www.indiedb.com/games/isomer
121,http://www.indiedb.com/games/commander-conquest-of-the-americas
122,http://www.indiedb.com/games/door-kickers
123,http://www.indiedb.com/games/solar-war
124,http://www.indiedb.com/games/harvest-massive-encounter
125,http://www.indiedb.com/games/freeze-e-frostys
126,http://www.indiedb.com/games/icebreakers
127,http://www.indiedb.com/games/supreme-ruler-2020
128,http://www.indiedb.com/games/puzzle-moppet
129,http://www.indiedb.com/games/sword-of-the-stars-2
130,http://www.indiedb.com/games/pushcat
131,http://www.indiedb.com/games/tesseract
132,http://www.indiedb.com/games/cubicity
133,http://www.indiedb.com/games/great-permutator
135,http://www.indiedb.com/games/awesome-shapes
136,http://www.indiedb.com/games/crashdrive-3d
137,http://www.indiedb.com/games/oknytt
138,http://www.indiedb.com/games/octodad
139,http://www.indiedb.com/games/love-by-fred-wood
140,http://www.indiedb.com/games/talisman-prologue
141,http://www.indiedb.com/games/shadows-on-the-vatican-act-1-greed
142,http://www.indiedb.com/games/waking-mars
143,http://www.indiedb.com/games/nightmare-island-text-adventure
144,http://www.indiedb.com/games/island-escape-2
145,http://www.indiedb.com/games/the-journey-down-chapter-one
146,http://www.indiedb.com/games/pid
147,http://www.indiedb.com/games/islanded
148,http://www.indiedb.com/games/isaac-the-adventurer
149,http://www.indiedb.com/games/the-tiny-bang-story
150,http://www.indiedb.com/games/irukandji
151,http://www.indiedb.com/games/blipbloop
152,http://www.indiedb.com/games/datajack
153,http://www.indiedb.com/games/openttd
154,http://www.indiedb.com/games/serious-sam-kamikaze-attack
155,http://www.indiedb.com/games/rainblood-town-of-death
156,http://www.indiedb.com/games/99-spirits
157,http://www.indiedb.com/games/numen-contest-of-heroes
158,http://www.indiedb.com/games/magebane-2
159,http://www.indiedb.com/games/geneforge-saga
161,http://www.indiedb.com/games/wander
162,http://www.indiedb.com/games/lunar-wish-orbs-of-fate
163,http://www.indiedb.com/games/airships
165,http://www.indiedb.com/games/wrack
166,http://www.indiedb.com/games/scoregasm
167,http://www.indiedb.com/games/super-crossfire
168,http://www.indiedb.com/games/gundemonium-recollection
169,http://www.indiedb.com/games/graveshouse
172,http://www.indiedb.com/games/trauma
174,http://www.indiedb.com/games/claire
175,http://www.indiedb.com/games/amp-watts-circuit
176,http://www.indiedb.com/games/english-country-tune
177,http://www.indiedb.com/games/qube
178,http://www.indiedb.com/games/plith
179,http://www.indiedb.com/games/immortui
180,http://www.indiedb.com/games/path-of-shadows
181,http://www.indiedb.com/games/shady-casket
182,http://www.indiedb.com/games/super-amazing-wagon-adventure
184,http://www.indiedb.com/games/offspring-fling
185,http://www.indiedb.com/games/oozi-earth-adventure
186,http://www.indiedb.com/games/doorways
187,http://www.indiedb.com/games/the-last-door
188,http://www.indiedb.com/games/pulse-shift
189,http://www.indiedb.com/games/back-to-the-future-the-game
190,http://www.indiedb.com/games/revolution-under-siege
191,http://www.indiedb.com/games/victoria-ii-a-house-divided
192,http://www.indiedb.com/games/hearts-of-iron-iii-for-the-motherland
193,http://www.indiedb.com/games/darkest-hour
195,http://www.indiedb.com/games/kill-the-bad-guy
196,http://www.indiedb.com/games/little-gardens
200,http://www.indiedb.com/games/eufloria
201,http://www.indiedb.com/games/creeptd
202,http://www.indiedb.com/games/shattered-origins
203,http://www.indiedb.com/games/planetary-annihilation
204,http://www.indiedb.com/games/starlink
205,http://www.indiedb.com/games/runespell-overture
206,http://www.indiedb.com/games/mount-blade-warband-viking-conquest
207,http://www.indiedb.com/games/gamebook-adventures-1-an-assassin-in-orlandes
208,http://www.indiedb.com/games/olvand
209,http://www.indiedb.com/games/space-pirates-and-zombies-spaz
210,http://www.indiedb.com/games/dead-pixels
211,http://www.indiedb.com/games/depths-of-peril
212,http://www.indiedb.com/games/eschalon-book-i
213,http://www.indiedb.com/games/i-shall-remain
214,http://www.indiedb.com/games/legionwood-tale-of-the-two-swords
215,http://www.indiedb.com/games/evochron-legends
216,http://www.indiedb.com/games/splatter
217,http://www.indiedb.com/games/savage
219,http://www.indiedb.com/games/warzone-2100
220,http://www.indiedb.com/games/aaaaa-a-reckless-disregard-for-gravity
222,http://www.indiedb.com/games/drox-operative
223,http://www.indiedb.com/games/cubic-climber
224,http://www.indiedb.com/games/hedgewars
225,http://www.indiedb.com/games/epilogue
227,http://www.indiedb.com/games/frozen-synapse
228,http://www.indiedb.com/games/48-chambers
230,http://www.indiedb.com/games/heroes-of-a-broken-land
231,http://www.indiedb.com/games/vulture-for-nethack
232,http://www.indiedb.com/games/mysterious-castle
233,http://www.indiedb.com/games/malevolence-the-sword-of-ahkranox
234,http://www.indiedb.com/games/evoland
235,http://www.indiedb.com/games/fray
236,http://www.indiedb.com/games/counter-strike-2d
237,http://www.indiedb.com/games/zw-td
238,http://www.indiedb.com/games/undead-legions
239,http://www.indiedb.com/games/phase-shift
242,http://www.indiedb.com/games/stellar-impact
243,http://www.indiedb.com/games/gang-garrison
245,http://www.indiedb.com/games/ai-war-fleet-command
246,http://www.indiedb.com/games/gods-and-idols
247,http://www.indiedb.com/games/auralux
249,http://www.indiedb.com/games/star-prospector
250,http://www.indiedb.com/games/project-aftermath
253,http://www.indiedb.com/games/scorched3d
254,http://www.indiedb.com/games/hostile-worlds
255,http://www.indiedb.com/games/spoids
257,http://www.indiedb.com/games/tropical-stormfront
258,http://www.indiedb.com/games/openra
259,http://www.indiedb.com/games/achtung-panzer-operation-star
260,http://www.indiedb.com/games/the-few
263,http://www.indiedb.com/games/sang-froid-tales-of-werewolves
264,http://www.indiedb.com/games/zod-engine
265,http://www.indiedb.com/games/hyde
266,http://www.indiedb.com/games/heritage
267,http://www.indiedb.com/games/fractal
268,http://www.indiedb.com/games/entropy2
269,http://www.indiedb.com/games/containment-the-zombie-puzzler
270,http://www.indiedb.com/games/pixelry
271,http://www.indiedb.com/games/the-lost-island
272,http://www.indiedb.com/games/fortix-2
273,http://www.indiedb.com/games/spuds-quest
274,http://www.indiedb.com/games/journey
275,http://www.indiedb.com/games/darkspace
276,http://www.indiedb.com/games/zandagort
277,http://www.indiedb.com/games/fonline-2238
278,http://www.indiedb.com/games/asa-a-space-adventure
279,http://www.indiedb.com/games/to-the-moon
280,http://www.indiedb.com/games/lovehotel
281,http://www.indiedb.com/games/patterns
282,http://www.indiedb.com/games/tabletopsimulator
283,http://www.indiedb.com/games/bridge-builder-game
284,http://www.indiedb.com/games/simutrans
285,http://www.indiedb.com/games/malevich
286,http://www.indiedb.com/games/arkadianax
287,http://www.indiedb.com/games/ether-vapor-remaster
288,http://www.indiedb.com/games/hammerfight
289,http://www.indiedb.com/games/joecable
292,http://www.indiedb.com/games/steel-storm
293,http://www.indiedb.com/games/alien-zombie-megadeath
294,http://www.indiedb.com/games/stardrive
295,http://www.indiedb.com/games/fibrillation
296,http://www.indiedb.com/games/amnesia-the-dark-descent
297,http://www.indiedb.com/games/enola
298,http://www.indiedb.com/games/the-void
299,http://www.indiedb.com/games/amnesia-a-machine-for-pigs
300,http://www.indiedb.com/games/battle-for-wesnoth
301,http://www.indiedb.com/games/azusa-rp
302,http://www.indiedb.com/games/frayed-knights-the-skull-of-smakh-daon
303,http://www.indiedb.com/games/draconian-wars
304,http://www.indiedb.com/games/kaboom
305,http://www.indiedb.com/games/gone-home
306,http://www.indiedb.com/games/dark-scavenger
307,http://www.indiedb.com/games/pathologic
308,http://www.indiedb.com/games/penumbra-black-plague
309,http://www.indiedb.com/games/residue
311,http://www.indiedb.com/games/astroloco-worst-contact
312,http://www.indiedb.com/games/the-oil-blue
314,http://www.indiedb.com/games/adams-venture
315,http://www.indiedb.com/games/yousei
317,http://www.indiedb.com/games/infection-last-rites-dna
319,http://www.indiedb.com/games/ao-oni
320,http://www.indiedb.com/games/defenders-quest-valley-of-the-forgotten
321,http://www.indiedb.com/games/grotesque-tactics-premium-edition
323,http://www.indiedb.com/games/berserker-quest-vi
325,http://www.indiedb.com/games/secrets-of-grindea
326,http://www.indiedb.com/games/dins-curse
329,http://www.indiedb.com/games/champions-of-chaos-2
337,http://www.indiedb.com/games/atom-zombie-smasher
365,http://www.indiedb.com/games/europa-universalis-iii-chronicles
366,http://www.indiedb.com/games/age-of-conquest-iii
367,http://www.indiedb.com/games/cubicverse
370,http://www.indiedb.com/games/dawn-of-fantasy
371,http://www.indiedb.com/games/fortify-special-edition
372,http://www.indiedb.com/games/swords-soldiers
373,http://www.indiedb.com/games/gnomoria
374,http://www.indiedb.com/games/megaglest
376,http://www.indiedb.com/games/death-goat
379,http://www.indiedb.com/games/dominions-3-the-awakening
380,http://www.indiedb.com/games/the-protectors
382,http://www.indiedb.com/games/pixeljunk-monsters
383,http://www.indiedb.com/games/glest
384,http://www.indiedb.com/games/towns
385,http://www.indiedb.com/games/zigfrak
388,http://www.indiedb.com/games/blue-saga
389,http://www.indiedb.com/games/dragon-fantasy
390,http://www.indiedb.com/games/mount-blade-with-fire-sword
392,http://www.indiedb.com/games/void-of-darkness
393,http://www.indiedb.com/games/inquisitor
396,http://www.indiedb.com/games/anomaly-warzone-earth
397,http://www.indiedb.com/games/roaming-fortress
398,http://www.indiedb.com/games/aeon-command
410,http://www.indiedb.com/games/brunelleschi
411,http://www.indiedb.com/games/mage-tower
412,http://www.indiedb.com/games/sim-hero
413,http://www.indiedb.com/games/cookie-tap
414,http://www.indiedb.com/games/illyriad
415,http://www.indiedb.com/games/sky-nations
416,http://www.indiedb.com/games/guns-of-icarus-online
417,http://www.indiedb.com/games/adom-ancient-domains-of-mystery
420,http://www.indiedb.com/games/kingdoms-ccg
421,http://www.indiedb.com/games/magicite
422,http://www.indiedb.com/games/primitives
424,http://www.indiedb.com/games/torchlight-ii
440,http://www.indiedb.com/games/arsenal-of-democracy
441,http://www.indiedb.com/games/reprisal
445,http://www.indiedb.com/games/battleground-3d
447,http://www.indiedb.com/games/vector-thrust
448,http://www.indiedb.com/games/unity-of-command
449,http://www.indiedb.com/games/first-pixel-shooter
450,http://www.indiedb.com/games/wwii-online-battleground-europe
451,http://www.indiedb.com/games/starpires
452,http://www.indiedb.com/games/lunar-flight
454,http://www.indiedb.com/games/livalink
455,http://www.indiedb.com/games/battlefield-stalingrad
456,http://www.indiedb.com/games/forsaken-uprising
457,http://www.indiedb.com/games/dawnkeeper
458,http://www.indiedb.com/games/bungle-in-the-jungle
459,http://www.indiedb.com/games/wickland
463,http://www.indiedb.com/games/torchlight
464,http://www.indiedb.com/games/gundeadligne
465,http://www.indiedb.com/games/defcon
467,http://www.indiedb.com/games/east-india-company
468,http://www.indiedb.com/games/spring-1944
473,http://www.indiedb.com/games/10-second-war
474,http://www.indiedb.com/games/achtung-panzer-kharkov-1943
475,http://www.indiedb.com/games/hearts-of-iron-iii-dies-irae-gtterdmmerung
476,http://www.indiedb.com/games/supreme-ruler-ultimate
477,http://www.indiedb.com/games/supreme-ruler-cold-war
478,http://www.indiedb.com/games/supreme-ruler-1936
479,http://www.indiedb.com/games/triplea
480,http://www.indiedb.com/games/sol-exodus
481,http://www.indiedb.com/games/evochron-mercenary
482,http://www.indiedb.com/games/hacker-evolution-untold
483,http://www.indiedb.com/games/hacker-evolution
486,http://www.indiedb.com/games/farm-for-your-life
490,http://www.indiedb.com/games/multiwinia
492,http://www.indiedb.com/games/oresome
493,http://www.indiedb.com/games/city-rain
494,http://www.indiedb.com/games/a-kingdom-for-keflings
500,http://www.indiedb.com/games/first-fantasy-a-satirical-role-playing-game
501,http://www.indiedb.com/games/rpg-reborn
502,http://www.indiedb.com/games/saturday-morning-rpg
503,http://www.indiedb.com/games/monster-rpg-2
504,http://www.indiedb.com/games/manor-of-the-damned
506,http://www.indiedb.com/games/angelic-orbs-broken-memories
507,http://www.indiedb.com/games/sequence
510,http://www.indiedb.com/games/pesadelo-the-game
512,http://www.indiedb.com/games/the-mask-reveals-disgusting-face
514,http://www.indiedb.com/games/serena
519,http://www.indiedb.com/games/one-night
526,http://www.indiedb.com/games/the-sea-will-claim-everything
527,http://www.indiedb.com/games/abdullah-al-dossari
528,http://www.indiedb.com/games/machinarium
530,http://www.indiedb.com/games/the-howler
531,http://www.indiedb.com/games/spooderman
532,http://www.indiedb.com/games/boh
535,http://www.indiedb.com/games/crow
536,http://www.indiedb.com/games/kairo
537,http://www.indiedb.com/games/silverquest
538,http://www.indiedb.com/games/cornerstone-the-song-of-tyrim
539,http://www.indiedb.com/games/anodyne
540,http://www.indiedb.com/games/penumbra-requiem
541,http://www.indiedb.com/games/dark-secrets
542,http://www.indiedb.com/games/rise-of-the-half-blood
544,http://www.indiedb.com/games/7days
546,http://www.indiedb.com/games/augustine
547,http://www.indiedb.com/games/shadow-clones
548,http://www.indiedb.com/games/retrovirus
549,http://www.indiedb.com/games/effing-dead
551,http://www.indiedb.com/games/fps-terminator
553,http://www.indiedb.com/games/hard-reset
554,http://www.indiedb.com/games/metal-planet
556,http://www.indiedb.com/games/celestial-impact
557,http://www.indiedb.com/games/metal-venture
558,http://www.indiedb.com/games/galacticwar
559,http://www.indiedb.com/games/snorms
560,http://www.indiedb.com/games/penumbra-collection
561,http://www.indiedb.com/games/dear-esther
564,http://www.indiedb.com/games/teleglitch
568,http://www.indiedb.com/games/shadowgrounds-survivor
572,http://www.indiedb.com/games/defense-grid
573,http://www.indiedb.com/games/monsters
574,http://www.indiedb.com/games/telepath-rpg-servants-of-god
575,http://www.indiedb.com/games/legends-of-persia
576,http://www.indiedb.com/games/from-the-depths
577,http://www.indiedb.com/games/guns-and-robots
579,http://www.indiedb.com/games/openarena
581,http://www.indiedb.com/games/spacebit
587,http://www.indiedb.com/games/tremulous
589,http://www.indiedb.com/games/obitus-the-final-departure
590,http://www.indiedb.com/games/natural-selection-2
592,http://www.indiedb.com/games/devils-tuning-fork
594,http://www.indiedb.com/games/noxious
595,http://www.indiedb.com/games/ring-runner-flight-of-the-sages
598,http://www.indiedb.com/games/greed-black-border
603,http://www.indiedb.com/games/deepblack
605,http://www.indiedb.com/games/running-with-rifles
608,http://www.indiedb.com/games/unepic
609,http://www.indiedb.com/games/zombie-driver
610,http://www.indiedb.com/games/eterium
611,http://www.indiedb.com/games/the-babylon-project
612,http://www.indiedb.com/games/ascent-the-space-game
614,http://www.indiedb.com/games/vega-strike
616,http://www.indiedb.com/games/zero-k
617,http://www.indiedb.com/games/star-ruler
619,http://www.indiedb.com/games/pure
620,http://www.indiedb.com/games/masterspace
622,http://www.indiedb.com/games/van-buren
624,http://www.indiedb.com/games/underrail
626,http://www.indiedb.com/games/slender-the-eight-pages
627,http://www.indiedb.com/games/nether
628,http://www.indiedb.com/games/rec-shutter-horror-game
629,http://www.indiedb.com/games/phobia-15
630,http://www.indiedb.com/games/eyes-the-horror-game
633,http://www.indiedb.com/games/ildefonse
635,http://www.indiedb.com/games/markleung
636,http://www.indiedb.com/games/hymn-of-the-sands
637,http://www.indiedb.com/games/grotesque-tactics-2-dungeons-donuts
640,http://www.indiedb.com/games/survivalist
643,http://www.indiedb.com/games/dwarfquest
646,http://www.indiedb.com/games/cypress-inheritance-the-beginning
649,http://www.indiedb.com/games/vacant-sky-vol1-contention
650,http://www.indiedb.com/games/shadow-of-the-game
651,http://www.indiedb.com/games/realm-of-the-diggle-gods
652,http://www.indiedb.com/games/kenshi
653,http://www.indiedb.com/games/dark-gates
655,http://www.indiedb.com/games/loren-the-amazon-princess
656,http://www.indiedb.com/games/breath-of-death-vii
660,http://www.indiedb.com/games/aquaria
662,http://www.indiedb.com/games/the-ancient-mark-episode-1
665,http://www.indiedb.com/games/battlezone-airhunt
668,http://www.indiedb.com/games/ares
675,http://www.indiedb.com/games/chernobyl-commando
676,http://www.indiedb.com/games/link-dead
678,http://www.indiedb.com/games/white-day
679,http://www.indiedb.com/games/escaping-the-dark-horror
680,http://www.indiedb.com/games/mini-combat
685,http://www.indiedb.com/games/lights-shadows
686,http://www.indiedb.com/games/colina
688,http://www.indiedb.com/games/forge
689,http://www.indiedb.com/games/the-light
691,http://www.indiedb.com/games/renegade-x
695,http://www.indiedb.com/games/hector-badge-of-carnage
696,http://www.indiedb.com/games/noahs-jungle
697,http://www.indiedb.com/games/sword-of-the-stars-the-pit
699,http://www.indiedb.com/games/force-of-nature
700,http://www.indiedb.com/games/majesty-2-the-fantasy-kingdom-sim
701,http://www.indiedb.com/games/achron
705,http://www.indiedb.com/games/mark-of-the-ninja
707,http://www.indiedb.com/games/the-orange-block
708,http://www.indiedb.com/games/the-escapists
709,http://www.indiedb.com/games/ts-reborn
710,http://www.indiedb.com/games/caveexpress
711,http://www.indiedb.com/games/omegalodon
712,http://www.indiedb.com/games/hotline-miami
713,http://www.indiedb.com/games/pat-mat
720,http://www.indiedb.com/games/international-snooker
723,http://www.indiedb.com/games/out-of-the-park-baseball-14
732,http://www.indiedb.com/games/master-of-tactics
736,http://www.indiedb.com/games/slick
737,http://www.indiedb.com/games/attack-of-the-assholian-from-the-planet-ass
738,http://www.indiedb.com/games/the-thing-2
743,http://www.indiedb.com/games/beans-quest
745,http://www.indiedb.com/games/love-sniper
747,http://www.indiedb.com/games/bit-of-war
749,http://www.indiedb.com/games/inferno
750,http://www.indiedb.com/games/cloaks-and-spells
751,http://www.indiedb.com/games/plazma-being
752,http://www.indiedb.com/games/oio
753,http://www.indiedb.com/games/pitiri-1977
755,http://www.indiedb.com/games/compromised
756,http://www.indiedb.com/games/botanicula
757,http://www.indiedb.com/games/avernum-the-great-trials-trilogy
758,http://www.indiedb.com/games/ddale
765,http://www.indiedb.com/games/the-truth-of-the-war
766,http://www.indiedb.com/games/mount-blade-warband
767,http://www.indiedb.com/games/etharnion-rpg
770,http://www.indiedb.com/games/mount-blade-collection
771,http://www.indiedb.com/games/swoooords
772,http://www.indiedb.com/games/dungeon-defenders
773,http://www.indiedb.com/games/one-night-2-the-beyond
774,http://www.indiedb.com/games/croixleur
778,http://www.indiedb.com/games/legions-overdrive
779,http://www.indiedb.com/games/supertux
783,http://www.indiedb.com/games/driftmoon
789,http://www.indiedb.com/games/block-story
790,http://www.indiedb.com/games/realm-explorer
793,http://www.indiedb.com/games/avadon-the-black-fortress
794,http://www.indiedb.com/games/shepherd-slaughter
795,http://www.indiedb.com/games/broken-destiny
798,http://www.indiedb.com/games/doom-and-destiny
800,http://www.indiedb.com/games/rico-a-tale-of-two-brothers
802,http://www.indiedb.com/games/shadowrun-returns
803,http://www.indiedb.com/games/final-warrior-quest
805,http://www.indiedb.com/games/sanctum
811,http://www.indiedb.com/games/incursion
817,http://www.indiedb.com/games/kromaia
820,http://www.indiedb.com/games/ultimate-knight-windom-xp
821,http://www.indiedb.com/games/gentrieve-2
827,http://www.indiedb.com/games/dino-d-day
830,http://www.indiedb.com/games/eye
831,http://www.indiedb.com/games/dday-normandy
834,http://www.indiedb.com/games/philip-muwangas-hexy-trench
835,http://www.indiedb.com/games/blue-libra
837,http://www.indiedb.com/games/siege-of-inaolia
838,http://www.indiedb.com/games/opentyrian
839,http://www.indiedb.com/games/project-onelife
840,http://www.indiedb.com/games/zytron-ii
841,http://www.indiedb.com/games/freedom-fall
844,http://www.indiedb.com/games/zombies1
845,http://www.indiedb.com/games/super-panda-adventures
847,http://www.indiedb.com/games/five-nights-at-freddys-2
849,http://www.indiedb.com/games/baby-blues
850,http://www.indiedb.com/games/blacksoul
852,http://www.indiedb.com/games/risk-of-death
853,http://www.indiedb.com/games/soulcaster-ii
854,http://www.indiedb.com/games/five-nights-at-freddys
855,http://www.indiedb.com/games/tsluecke
856,http://www.indiedb.com/games/thug-2
860,http://www.indiedb.com/games/future-pinball
863,http://www.indiedb.com/games/aaaaa-for-the-awesome
866,http://www.indiedb.com/games/gimbal
875,http://www.indiedb.com/games/live-for-speed-s2
884,http://www.indiedb.com/games/little-racers-street
895,http://www.indiedb.com/games/teeworlds
898,http://www.indiedb.com/games/miner-wars
899,http://www.indiedb.com/games/the-good-life-a-tropic-venture
902,http://www.indiedb.com/games/beem
904,http://www.indiedb.com/games/terraform
905,http://www.indiedb.com/games/ichi
906,http://www.indiedb.com/games/puzzlegeddon
908,http://www.indiedb.com/games/flipping-portals
910,http://www.indiedb.com/games/many-worlds-theory
913,http://www.indiedb.com/games/flare
914,http://www.indiedb.com/games/naev
915,http://www.indiedb.com/games/antichamber
919,http://www.indiedb.com/games/merry-christmas-alfred-robbins
924,http://www.indiedb.com/games/footlol-epic-fail-league
925,http://www.indiedb.com/games/acreloaded
926,http://www.indiedb.com/games/the-great-jitters-pudding-panic
929,http://www.indiedb.com/games/cities-in-motion
934,http://www.indiedb.com/games/dysfunctional-systems-learning-to-manage-chaos
936,http://www.indiedb.com/games/cities-in-motion-2
938,http://www.indiedb.com/games/sovereign
939,http://www.indiedb.com/games/planet-stronghold
941,http://www.indiedb.com/games/reverse
943,http://www.indiedb.com/games/vigrior
944,http://www.indiedb.com/games/lego-wolf3d
946,http://www.indiedb.com/games/cell-emergence
950,http://www.indiedb.com/games/neuronball
951,http://www.indiedb.com/games/silas
952,http://www.indiedb.com/games/rolling-survival
964,http://www.indiedb.com/games/blood-of-the-werewolf
967,http://www.indiedb.com/games/violett
968,http://www.indiedb.com/games/naruto-naiteki-kensei
973,http://www.indiedb.com/games/project-black-sun
979,http://www.indiedb.com/games/sam-max-the-devils-playhouse
983,http://www.indiedb.com/games/lost-labyrinth
984,http://www.indiedb.com/games/kilgazar
986,http://www.indiedb.com/games/chivalry
987,http://www.indiedb.com/games/dark-salvation
989,http://www.indiedb.com/games/dynastica
990,http://www.indiedb.com/games/olavandthelute
991,http://www.indiedb.com/games/magicka
992,http://www.indiedb.com/games/pahelika-revelations
993,http://www.indiedb.com/games/forceline
994,http://www.indiedb.com/games/loot-hero
995,http://www.indiedb.com/games/woodle-tree
996,http://www.indiedb.com/games/little-trus-man
997,http://www.indiedb.com/games/the-journey-down-over-the-edge
998,http://www.indiedb.com/games/dungeon-crawl-stone-soup
1005,http://www.indiedb.com/games/retention
1006,http://www.indiedb.com/games/wing-commander-saga-the-darkest-dawn
1010,http://www.indiedb.com/games/twin-sector
1011,http://www.indiedb.com/games/alternativa
1013,http://www.indiedb.com/games/dead-cyborg
1015,http://www.indiedb.com/games/momentum
1017,http://www.indiedb.com/games/curiosity-concept
1024,http://www.indiedb.com/games/the-polynomial-space-of-the-music
1025,http://www.indiedb.com/games/space-engineers
1032,http://www.indiedb.com/games/the-surfer
1033,http://www.indiedb.com/games/howling
1034,http://www.indiedb.com/games/1916
1035,http://www.indiedb.com/games/defense-of-duty
1037,http://www.indiedb.com/games/iron-grip-warlord
1041,http://www.indiedb.com/games/cthulhu-saves-the-world
1052,http://www.indiedb.com/games/incognito-episode-1
1056,http://www.indiedb.com/games/hacker-evolution-duality
1061,http://www.indiedb.com/games/monster-truck-destruction
1062,http://www.indiedb.com/games/wrestling-mpire
1064,http://www.indiedb.com/games/pirates-vs-robots
1066,http://www.indiedb.com/games/robot-pinball-escape
1067,http://www.indiedb.com/games/project-float
1069,http://www.indiedb.com/games/smokin-guns
1070,http://www.indiedb.com/games/abomination
1071,http://www.indiedb.com/games/papo-yo
1073,http://www.indiedb.com/games/dead-colony
1076,http://www.indiedb.com/games/darkout
1077,http://www.indiedb.com/games/tarr-chronicles
1083,http://www.indiedb.com/games/shattered-horizon
1086,http://www.indiedb.com/games/freefall-tournament
1090,http://www.indiedb.com/games/flat-paintball
1101,http://www.indiedb.com/games/exodus1
1104,http://www.indiedb.com/games/epic-inventor
1109,http://www.indiedb.com/games/a-valley-without-wind
1111,http://www.indiedb.com/games/squids
1118,http://www.indiedb.com/games/hexcells
1126,http://www.indiedb.com/games/caveman-craig-2
1134,http://www.indiedb.com/games/dlc-quest
1135,http://www.indiedb.com/games/exceed-3rd-jade-penetrate-black-package
1136,http://www.indiedb.com/games/tesla
1137,http://www.indiedb.com/games/megaman-arena
1141,http://www.indiedb.com/games/the-ship
1142,http://www.indiedb.com/games/void
1148,http://www.indiedb.com/games/party-of-sin
1150,http://www.indiedb.com/games/rusty-orb
1151,http://www.indiedb.com/games/limbo
1153,http://www.indiedb.com/games/oil-rush
1167,http://www.indiedb.com/games/encarmine
1169,http://www.indiedb.com/games/frederic-resurrection-of-music
1172,http://www.indiedb.com/games/caster
1194,http://www.indiedb.com/games/private-infiltrator
1198,http://www.indiedb.com/games/trine-2
1200,http://www.indiedb.com/games/deer-hunter-1066
1201,http://www.indiedb.com/games/eight-days-in-convoke
1203,http://www.indiedb.com/games/high-albedo-twisted-skies
1205,http://www.indiedb.com/games/out-of-memory
1206,http://www.indiedb.com/games/net-gain-corporate-espionage
1225,http://www.indiedb.com/games/conflict-terra
1232,http://www.indiedb.com/games/space-farmers
1234,http://www.indiedb.com/games/salvation-prophecy
1235,http://www.indiedb.com/games/scrumbleship
1237,http://www.indiedb.com/games/the-last-chapter-of-man
1238,http://www.indiedb.com/games/obliterate-everything-2-gold
1242,http://www.indiedb.com/games/vincere-totus-astrum-to-conquer-all-stars
1245,http://www.indiedb.com/games/goat-simulator
1249,http://www.indiedb.com/games/cubemen
1250,http://www.indiedb.com/games/darwinia
1252,http://www.indiedb.com/games/revenge-of-the-titans
1254,http://www.indiedb.com/games/battlepaths
1257,http://www.indiedb.com/games/star-wars-bloodlines
1262,http://www.indiedb.com/games/yume-nikki-3d
1263,http://www.indiedb.com/games/imachination
1264,http://www.indiedb.com/games/reus
1265,http://www.indiedb.com/games/annex-conquer-the-world
1266,http://www.indiedb.com/games/survivor-squad
1267,http://www.indiedb.com/games/kernel-panic
1271,http://www.indiedb.com/games/ai-war-the-zenith-remnant
1287,http://www.indiedb.com/games/micro-dude
1294,http://www.indiedb.com/games/primal-carnage
1296,http://www.indiedb.com/games/misplaced-max
1297,http://www.indiedb.com/games/slender-the-remake
1299,http://www.indiedb.com/games/bloody-trapland
1301,http://www.indiedb.com/games/obludia
1312,http://www.indiedb.com/games/ground-breakers
1313,http://www.indiedb.com/games/darkfall-unholy-wars
1319,http://www.indiedb.com/games/steel-storm-weapon-pack-dlc
1330,http://www.indiedb.com/games/the-lost-souls
1332,http://www.indiedb.com/games/iht-insane-hell-torium
1333,http://www.indiedb.com/games/battlescape
1339,http://www.indiedb.com/games/the-white-chamber
1343,http://www.indiedb.com/games/beep
1345,http://www.indiedb.com/games/p-3-biotic
1352,http://www.indiedb.com/games/relatively-secure
1354,http://www.indiedb.com/games/run-into-the-dark
1359,http://www.indiedb.com/games/the-yawhg
1362,http://www.indiedb.com/games/overcast-walden-and-the-werewolf
1363,http://www.indiedb.com/games/conquest-divide-and-conquer
1364,http://www.indiedb.com/games/really-big-sky
1367,http://www.indiedb.com/games/ufo-alien-invasion
1370,http://www.indiedb.com/games/katawa-shoujo
1378,http://www.indiedb.com/games/cspsp
1379,http://www.indiedb.com/games/snayke
1383,http://www.indiedb.com/games/meteor
1384,http://www.indiedb.com/games/resident-evil-memory1
1389,http://www.indiedb.com/games/bloons-tower-defence-4
1400,http://www.indiedb.com/games/tobias-and-the-dark-sceptres
1402,http://www.indiedb.com/games/coloropus
1403,http://www.indiedb.com/games/roccy-laboratories
1404,http://www.indiedb.com/games/qbeh
1409,http://www.indiedb.com/games/star-sonata
1410,http://www.indiedb.com/games/jolly-rover
1418,http://www.indiedb.com/games/little-space-duo
1419,http://www.indiedb.com/games/tessallation
1420,http://www.indiedb.com/games/face-noir
1421,http://www.indiedb.com/games/wimp-who-stole-my-pants
1422,http://www.indiedb.com/games/bleed
1423,http://www.indiedb.com/games/fantastic
1427,http://www.indiedb.com/games/aterweald-witch-hunt
1432,http://www.indiedb.com/games/unvanquished
1434,http://www.indiedb.com/games/reflex
1436,http://www.indiedb.com/games/creeper-world-2-redemption
1438,http://www.indiedb.com/games/inescapable
1439,http://www.indiedb.com/games/full-bore
1442,http://www.indiedb.com/games/nihilumbra
1443,http://www.indiedb.com/games/sunkins-wrath
1445,http://www.indiedb.com/games/starwars-battle-of-yavin
1453,http://www.indiedb.com/games/super-crate-lifting
1454,http://www.indiedb.com/games/half-life-2d
1455,http://www.indiedb.com/games/treasure-adventure-game
1463,http://www.indiedb.com/games/seal-team-12
1464,http://www.indiedb.com/games/pixel-piracy
1465,http://www.indiedb.com/games/europa-universalis-ii
1466,http://www.indiedb.com/games/ifscl
1468,http://www.indiedb.com/games/nexus-sea
1469,http://www.indiedb.com/games/the-unknown
1478,http://www.indiedb.com/games/crayon-physics-deluxe
1479,http://www.indiedb.com/games/red-rolling-hood
1483,http://www.indiedb.com/games/bitfighter
1484,http://www.indiedb.com/games/combat-mission-shock-force
1485,http://www.indiedb.com/games/battle-tiers-invasion
1488,http://www.indiedb.com/games/ampu-tea
1490,http://www.indiedb.com/games/game-dev-tycoon
1491,http://www.indiedb.com/games/alone-the-horror-game
1493,http://www.indiedb.com/games/darsana
1497,http://www.indiedb.com/games/manastorm-lust-for-guts
1506,http://www.indiedb.com/games/kuro-oni
1509,http://www.indiedb.com/games/prohibition
1511,http://www.indiedb.com/games/medieval-arena-3d
1521,http://www.indiedb.com/games/starship-corporation
1528,http://www.indiedb.com/games/a-cats-night
1530,http://www.indiedb.com/games/tumball
1531,http://www.indiedb.com/games/bunker16
1533,http://www.indiedb.com/games/home
1537,http://www.indiedb.com/games/silent-hill-a-tale-of-silence
1538,http://www.indiedb.com/games/the-body-changer
1539,http://www.indiedb.com/games/mr-reds-adventure-in-the-missing-balls
1541,http://www.indiedb.com/games/lucky-rabbit-reflex
1543,http://www.indiedb.com/games/dungeons-of-dredmor
1548,http://www.indiedb.com/games/red-eclipse
1553,http://www.indiedb.com/games/zelda-world
1556,http://www.indiedb.com/games/savage-2-a-tortured-soul
1560,http://www.indiedb.com/games/mount-blade
1564,http://www.indiedb.com/games/cube-world
1568,http://www.indiedb.com/games/noitu-love-2-devolution
1570,http://www.indiedb.com/games/mayhem-intergalactic
1571,http://www.indiedb.com/games/worlds
1572,http://www.indiedb.com/games/serious-sam-double-d
1573,http://www.indiedb.com/games/finding-eden
1574,http://www.indiedb.com/games/millennium-2-take-me-higher
1576,http://www.indiedb.com/games/terraria
1589,http://www.indiedb.com/games/organ-trail-directors-cut
1590,http://www.indiedb.com/games/love
1597,http://www.indiedb.com/games/homewards
1614,http://www.indiedb.com/games/music-of-the-spheres
1615,http://www.indiedb.com/games/captain-forever
1617,http://www.indiedb.com/games/infinite-pixels
1621,http://www.indiedb.com/games/creeper-world-3-arc-eternal
1624,http://www.indiedb.com/games/cognition-episode-2-the-wise-monkey
1625,http://www.indiedb.com/games/snakes-of-avalon
1627,http://www.indiedb.com/games/the-amc-tc
1633,http://www.indiedb.com/games/starfare
1634,http://www.indiedb.com/games/airship-dragoon
1635,http://www.indiedb.com/games/last-march-of-the-dodos
1636,http://www.indiedb.com/games/rooks-keep
1638,http://www.indiedb.com/games/band-of-bugs
1641,http://www.indiedb.com/games/super-sanctum-td
1646,http://www.indiedb.com/games/battle-group
1652,http://www.indiedb.com/games/magnesian
1655,http://www.indiedb.com/games/angvik
1658,http://www.indiedb.com/games/world-war-ii-rpg1
1662,http://www.indiedb.com/games/sherlock-holmes-consulting-detective-case-1
1682,http://www.indiedb.com/games/hackwork
1685,http://www.indiedb.com/games/unstoppable-gorg
1687,http://www.indiedb.com/games/evolution-rts
1688,http://www.indiedb.com/games/zombie-grinder
1689,http://www.indiedb.com/games/mortalonline
1691,http://www.indiedb.com/games/knights-of-pen-paper
1692,http://www.indiedb.com/games/kung-fu-strike-the-warriors-rise
1694,http://www.indiedb.com/games/smashbox
1696,http://www.indiedb.com/games/electronic-super-joy
1697,http://www.indiedb.com/games/acceleration-of-suguri-x-edition
1698,http://www.indiedb.com/games/minion-master
1700,http://www.indiedb.com/games/forgotten-myths
1701,http://www.indiedb.com/games/the-tank-game
1707,http://www.indiedb.com/games/clones
1714,http://www.indiedb.com/games/realmstone
1717,http://www.indiedb.com/games/the-fall-of-gods-chapter-1
1733,http://www.indiedb.com/games/frets-on-fire-x
1734,http://www.indiedb.com/games/kyoto
1737,http://www.indiedb.com/games/chime
1743,http://www.indiedb.com/games/island-hopping
1746,http://www.indiedb.com/games/vizati
1747,http://www.indiedb.com/games/multicraft
1748,http://www.indiedb.com/games/soulcaster
1750,http://www.indiedb.com/games/sherlock-holmes-consulting-detective-case-3
1753,http://www.indiedb.com/games/cube-metalheart
1759,http://www.indiedb.com/games/wazhack
1761,http://www.indiedb.com/games/snake-blocks
1762,http://www.indiedb.com/games/be
1768,http://www.indiedb.com/games/windward
1769,http://www.indiedb.com/games/piratehell
1770,http://www.indiedb.com/games/jimmy-vs-zombies
1772,http://www.indiedb.com/games/ziggy-putts
1773,http://www.indiedb.com/games/revelade-revolution
1775,http://www.indiedb.com/games/edge-of-space
1785,http://www.indiedb.com/games/renga-samurai-shogun
1793,http://www.indiedb.com/games/serious-sam-the-first-encounter
1795,http://www.indiedb.com/games/cube-metalheart-2-combat-squared
1806,http://www.indiedb.com/games/robocraft
1811,http://www.indiedb.com/games/grappling-hook
1814,http://www.indiedb.com/games/dysis
1820,http://www.indiedb.com/games/heroes-of-newerth
1823,http://www.indiedb.com/games/arcan
1824,http://www.indiedb.com/games/analogue-a-hate-story
1825,http://www.indiedb.com/games/beyond-beyaan
1843,http://www.indiedb.com/games/bird-assassin
1865,http://www.indiedb.com/games/hearts-of-iron-3
1868,http://www.indiedb.com/games/shadow-of-time-4
1873,http://www.indiedb.com/games/der-professor
1881,http://www.indiedb.com/games/crazy-quidditch
1882,http://www.indiedb.com/games/collateral
1889,http://www.indiedb.com/games/girl-with-a-heart-of
1890,http://www.indiedb.com/games/wizorb
1895,http://www.indiedb.com/games/derrick-the-deathfin
1906,http://www.indiedb.com/games/magical-gloves
1911,http://www.indiedb.com/games/build-defend
1915,http://www.indiedb.com/games/pokemon-online
1921,http://www.indiedb.com/games/elliot-quest
1935,http://www.indiedb.com/games/blackwell-deception
1936,http://www.indiedb.com/games/the-stolen-diamond-ring
1943,http://www.indiedb.com/games/tri
1944,http://www.indiedb.com/games/spirits
1946,http://www.indiedb.com/games/cubme
1954,http://www.indiedb.com/games/yugioh-devpro
1955,http://www.indiedb.com/games/nyan-cat-reloaded1
1959,http://www.indiedb.com/games/crusade
1960,http://www.indiedb.com/games/i-wanna-be-the-fangame
1965,http://www.indiedb.com/games/siege-of-turtle-enclave
1967,http://www.indiedb.com/games/fist-puncher
2003,http://www.indiedb.com/games/cargo-lander
2006,http://www.indiedb.com/games/armed-seven
2007,http://www.indiedb.com/games/mars-a-ridiculous-shooter
2014,http://www.indiedb.com/games/skyrogue
2016,http://www.indiedb.com/games/heileen-2-the-hands-of-fate
2020,http://www.indiedb.com/games/frogatto
2022,http://www.indiedb.com/games/lift-a-eureka-seven-mod
2027,http://www.indiedb.com/games/home-sheep-home-2
2039,http://www.indiedb.com/games/99-levels-to-hell
2040,http://www.indiedb.com/games/inbetween
2041,http://www.indiedb.com/games/flack
2042,http://www.indiedb.com/games/blocks-that-matter
2064,http://www.indiedb.com/games/trine
2071,http://www.indiedb.com/games/lonewolf-ds
2125,http://www.indiedb.com/games/goblin-camp
2128,http://www.indiedb.com/games/rogues-tale
2137,http://www.indiedb.com/games/prelude-of-the-chambered
2138,http://www.indiedb.com/games/gladiawararena
2145,http://www.indiedb.com/games/football-live
2147,http://www.indiedb.com/games/motorbike
2181,http://www.indiedb.com/games/survived
2182,http://www.indiedb.com/games/lylian-paranoid-friendship
2183,http://www.indiedb.com/games/guy-vs-the-wicked-and-nefarious-land
2193,http://www.indiedb.com/games/blindside
2194,http://www.indiedb.com/games/asduasirmas
2196,http://www.indiedb.com/games/recruits
2197,http://www.indiedb.com/games/penumbra-overture
2199,http://www.indiedb.com/games/penguins-arena
2203,http://www.indiedb.com/games/palm-heroes-2
2212,http://www.indiedb.com/games/red-alert-a-path-beyond
2221,http://www.indiedb.com/games/interstellar-defence-troops
2230,http://www.indiedb.com/games/murder-in-the-hotel-lisbon
2232,http://www.indiedb.com/games/the-dream-machine
2234,http://www.indiedb.com/games/gemini-rue
2239,http://www.indiedb.com/games/aquadelic-gt
2270,http://www.indiedb.com/games/vanish
2272,http://www.indiedb.com/games/operation-smash
2274,http://www.indiedb.com/games/fork-truck-challenge
2276,http://www.indiedb.com/games/kill-craft-2
2277,http://www.indiedb.com/games/survivor-fps
2278,http://www.indiedb.com/games/scp-containment-breach
2282,http://www.indiedb.com/games/strata
2285,http://www.indiedb.com/games/drod-the-city-beneath
2292,http://www.indiedb.com/games/spaceman-sparkles-moon-edition
2305,http://www.indiedb.com/games/the-cat-lady
2308,http://www.indiedb.com/games/pizza-delivery-interactive-fiction
2309,http://www.indiedb.com/games/the-curse-of-nordic-cove
2311,http://www.indiedb.com/games/osmos
2313,http://www.indiedb.com/games/swap
2315,http://www.indiedb.com/games/i-cant-escape
2319,http://www.indiedb.com/games/the-groundskeeper
2320,http://www.indiedb.com/games/apocalypsecity
2335,http://www.indiedb.com/games/kong
2336,http://www.indiedb.com/games/huenison
2337,http://www.indiedb.com/games/903m
2339,http://www.indiedb.com/games/overlight
2340,http://www.indiedb.com/games/pixeljunk-shooter
2341,http://www.indiedb.com/games/conquest-of-the-wizardlands
2342,http://www.indiedb.com/games/grimind
2343,http://www.indiedb.com/games/flyn
2344,http://www.indiedb.com/games/broken-dimensions
2345,http://www.indiedb.com/games/green-adventures-in-rio
2346,http://www.indiedb.com/games/segatakai
2354,http://www.indiedb.com/games/army-men-3
2356,http://www.indiedb.com/games/retaliation-path-of-war
2365,http://www.indiedb.com/games/megaman-day-in-the-limelight
2367,http://www.indiedb.com/games/vera-blanc-full-moon
2373,http://www.indiedb.com/games/verlies
2380,http://www.indiedb.com/games/ancients-of-ooga
2381,http://www.indiedb.com/games/katabasis
2396,http://www.indiedb.com/games/sherbet-thieves-moonshine-edition
2397,http://www.indiedb.com/games/schar-blue-shield-alliance
2398,http://www.indiedb.com/games/rocketriot
2399,http://www.indiedb.com/games/ballistic
2427,http://www.indiedb.com/games/hammerwatch
2428,http://www.indiedb.com/games/bountyarms
2442,http://www.indiedb.com/games/signs-of-life
2443,http://www.indiedb.com/games/tubestar
2447,http://www.indiedb.com/games/hippocampal
2451,http://www.indiedb.com/games/labyrinth
2458,http://www.indiedb.com/games/family-farm
2459,http://www.indiedb.com/games/victoria-ii
2461,http://www.indiedb.com/games/dino-run-se
2477,http://www.indiedb.com/games/xenonauts
2481,http://www.indiedb.com/games/thanatophobia
2483,http://www.indiedb.com/games/planetship
2484,http://www.indiedb.com/games/contagion
2485,http://www.indiedb.com/games/holyspirit
2492,http://www.indiedb.com/games/eschalon-book-ii
2504,http://www.indiedb.com/games/run
2509,http://www.indiedb.com/games/starwars-battle-of-endor
2524,http://www.indiedb.com/games/commando
2525,http://www.indiedb.com/games/tiny-troopers
2535,http://www.indiedb.com/games/go-beryllium
2537,http://www.indiedb.com/games/major-mayhem
2550,http://www.indiedb.com/games/jamestown-legend-of-the-lost-colony
2551,http://www.indiedb.com/games/divine-souls
2552,http://www.indiedb.com/games/shadowgrounds
2559,http://www.indiedb.com/games/constant-c
2561,http://www.indiedb.com/games/ensign-1
2565,http://www.indiedb.com/games/fromhellsheart
2570,http://www.indiedb.com/games/insurgency
2571,http://www.indiedb.com/games/tankwar
2573,http://www.indiedb.com/games/tanktastic
2592,http://www.indiedb.com/games/rac-ren-mission-jungle
2602,http://www.indiedb.com/games/danmaku-unlimited-2
2604,http://www.indiedb.com/games/the-wreckless
2605,http://www.indiedb.com/games/one-late-night
2608,http://www.indiedb.com/games/dusty-revenge
2642,http://www.indiedb.com/games/digitanks
2644,http://www.indiedb.com/games/star-hammer-tactics
2653,http://www.indiedb.com/games/explodemon
2661,http://www.indiedb.com/games/master-of-alchemy-rise-of-the-mechanologists
2663,http://www.indiedb.com/games/wyv-and-keep-temple-of-the-lost-idol
2669,http://www.indiedb.com/games/chains
2672,http://www.indiedb.com/games/space-the-return-of-the-pixxelfrazzer
2674,http://www.indiedb.com/games/reversion-the-meeting
2675,http://www.indiedb.com/games/dualsus
2678,http://www.indiedb.com/games/towers-of-the-apocalypse
2682,http://www.indiedb.com/games/3079
2684,http://www.indiedb.com/games/marble-arena-2
2685,http://www.indiedb.com/games/reperfection
2703,http://www.indiedb.com/games/voxatron
2705,http://www.indiedb.com/games/3089
2707,http://www.indiedb.com/games/mental
2709,http://www.indiedb.com/games/dimension-jump
2713,http://www.indiedb.com/games/killing-engine
2729,http://www.indiedb.com/games/x-note
2732,http://www.indiedb.com/games/cinders
2742,http://www.indiedb.com/games/puzzle-bots
2772,http://www.indiedb.com/games/cognition-episode-1-the-hangman
2780,http://www.indiedb.com/games/eleusis
2789,http://www.indiedb.com/games/the-girl-and-the-robot
2792,http://www.indiedb.com/games/spin-deluxe
2798,http://www.indiedb.com/games/koncraft
2800,http://www.indiedb.com/games/space-ranger
2802,http://www.indiedb.com/games/arcane-worlds
2811,http://www.indiedb.com/games/vanilla-blockland
2818,http://www.indiedb.com/games/incognito-episode-2
2820,http://www.indiedb.com/games/wgrealms-2
2834,http://www.indiedb.com/games/cave-story
2850,http://www.indiedb.com/games/risingworld
2851,http://www.indiedb.com/games/santa-rockstar-hd
2853,http://www.indiedb.com/games/6180-the-moon
2854,http://www.indiedb.com/games/eve-burst-error
2861,http://www.indiedb.com/games/resonance
2863,http://www.indiedb.com/games/gravitron
2865,http://www.indiedb.com/games/vitrum
2868,http://www.indiedb.com/games/majestic12
2869,http://www.indiedb.com/games/waves
2870,http://www.indiedb.com/games/saviors
2878,http://www.indiedb.com/games/a-new-home-starring-markiplier
2879,http://www.indiedb.com/games/bullet-train1
2880,http://www.indiedb.com/games/transformice
2883,http://www.indiedb.com/games/the-clockwork-man-2-the-hidden-world
2885,http://www.indiedb.com/games/teslagrad
2891,http://www.indiedb.com/games/diadra-empty
2903,http://www.indiedb.com/games/bittrip-runner
2914,http://www.indiedb.com/games/pokmon-3d
2915,http://www.indiedb.com/games/cardinal-quest
2921,http://www.indiedb.com/games/dungeon-of-elements
2925,http://www.indiedb.com/games/samphi
2955,http://www.indiedb.com/games/signal-ops
2971,http://www.indiedb.com/games/audiosurf
2973,http://www.indiedb.com/games/space-music
2998,http://www.indiedb.com/games/tiny-big
3012,http://www.indiedb.com/games/erie
3020,http://www.indiedb.com/games/krater
3025,http://www.indiedb.com/games/starbound
3048,http://www.indiedb.com/games/gateways
3049,http://www.indiedb.com/games/env
3050,http://www.indiedb.com/games/asciiportal
3051,http://www.indiedb.com/games/four-keys
3053,http://www.indiedb.com/games/pop-methodology-experiment-one
3054,http://www.indiedb.com/games/celestial-mechanica
3063,http://www.indiedb.com/games/untittled
3065,http://www.indiedb.com/games/applied-science
3067,http://www.indiedb.com/games/the-grave-digger
3085,http://www.indiedb.com/games/the-binding-of-isaac-rebirth
3089,http://www.indiedb.com/games/platinum-runners
3093,http://www.indiedb.com/games/devastro
3094,http://www.indiedb.com/games/steammarines
3115,http://www.indiedb.com/games/kerbal-space-program
3158,http://www.indiedb.com/games/chronicles-of-a-dark-lord-episode-1-tides-of-fate
3161,http://www.indiedb.com/games/evilquest
3182,http://www.indiedb.com/games/brutalnature
3185,http://www.indiedb.com/games/zeq2lite
3198,http://www.indiedb.com/games/slender-the-man-with-no-face
3199,http://www.indiedb.com/games/kaizer
3202,http://www.indiedb.com/games/evilot
3205,http://www.indiedb.com/games/haunt
3224,http://www.indiedb.com/games/neonxsz
3241,http://www.indiedb.com/games/wake-up-call-surrealist
3246,http://www.indiedb.com/games/the-perfidious-petrol-station
3258,http://www.indiedb.com/games/the-real-texas
3292,http://www.indiedb.com/games/monstermmorpg
3294,http://www.indiedb.com/games/knytt-underground
3295,http://www.indiedb.com/games/dangerous-rays
3310,http://www.indiedb.com/games/the-pirate-game
3319,http://www.indiedb.com/games/amazing-paulsonothon
3340,http://www.indiedb.com/games/pressure
3345,http://www.indiedb.com/games/logigun
3356,http://www.indiedb.com/games/commander
3358,http://www.indiedb.com/games/castle-dracula
3359,http://www.indiedb.com/games/rage-runner
3361,http://www.indiedb.com/games/battletanks2
3362,http://www.indiedb.com/games/rise-of-the-ravager
3365,http://www.indiedb.com/games/pyxenos
3370,http://www.indiedb.com/games/aqua-kitty-milk-mine-defender
3387,http://www.indiedb.com/games/star-twine
3393,http://www.indiedb.com/games/inside-the-gear
3397,http://www.indiedb.com/games/hidden-jewel-adventure
3398,http://www.indiedb.com/games/rune-legend
3399,http://www.indiedb.com/games/puzzle-wizard-iq-130
3401,http://www.indiedb.com/games/mecha-world
3430,http://www.indiedb.com/games/postmortem
3447,http://www.indiedb.com/games/redsun
3449,http://www.indiedb.com/games/bad-dream-butcher
3451,http://www.indiedb.com/games/thomas-was-alone
3455,http://www.indiedb.com/games/xenominer
3462,http://www.indiedb.com/games/teddy-floppy-ear-kayaking
3466,http://www.indiedb.com/games/imscared-a-pixelated-nightmare
3470,http://www.indiedb.com/games/flatland
3477,http://www.indiedb.com/games/teddy-floppy-ear-mountain-adventure
3483,http://www.indiedb.com/games/sublight
3486,http://www.indiedb.com/games/damned
3501,http://www.indiedb.com/games/wizardwizard
3518,http://www.indiedb.com/games/brand
3536,http://www.indiedb.com/games/gunman-clive
3540,http://www.indiedb.com/games/the-ballads-of-reemus-when-the-bed-bites
3588,http://www.indiedb.com/games/ravage-online
3615,http://www.indiedb.com/games/pixel-knight
3625,http://www.indiedb.com/games/airmech
3652,http://www.indiedb.com/games/vox
3673,http://www.indiedb.com/games/revenge-of-the-cats-ethernet
3724,http://www.indiedb.com/games/the-thirty-nine-steps
3730,http://www.indiedb.com/games/ripest-of-fears
3731,http://www.indiedb.com/games/no-return
3742,http://www.indiedb.com/games/super-adventure-game-land
3743,http://www.indiedb.com/games/bounce
3745,http://www.indiedb.com/games/spaceengine
3750,http://www.indiedb.com/games/soldat
3767,http://www.indiedb.com/games/super-tower-rush
3770,http://www.indiedb.com/games/nexuiz
3772,http://www.indiedb.com/games/dragon-royale
3782,http://www.indiedb.com/games/guncraft
3801,http://www.indiedb.com/games/world-war-2-time-of-wrath
3836,http://www.indiedb.com/games/kamui
3839,http://www.indiedb.com/games/beat-hazard-ultra
3840,http://www.indiedb.com/games/symphony
3841,http://www.indiedb.com/games/lost-marbles
3842,http://www.indiedb.com/games/the-sugar-killerz
3843,http://www.indiedb.com/games/hangeki
3844,http://www.indiedb.com/games/nightsky
3847,http://www.indiedb.com/games/grief
3860,http://www.indiedb.com/games/world-of-goo
3862,http://www.indiedb.com/games/100-orange-juice
3907,http://www.indiedb.com/games/elette
3912,http://www.indiedb.com/games/higurashi-when-they-cry
3913,http://www.indiedb.com/games/dungeon-tactics
3918,http://www.indiedb.com/games/wiki-based-rpg
3931,http://www.indiedb.com/games/slender-anxiety
3948,http://www.indiedb.com/games/puzzle-agent-2
3986,http://www.indiedb.com/games/trashcan-2346
3996,http://www.indiedb.com/games/fireball
3997,http://www.indiedb.com/games/ufho2
3999,http://www.indiedb.com/games/data-jammers-fastforward
4000,http://www.indiedb.com/games/tiamat-x
4001,http://www.indiedb.com/games/reversion
4004,http://www.indiedb.com/games/gyossait-deluxe-edition
4007,http://www.indiedb.com/games/catdammit
4008,http://www.indiedb.com/games/tagap
4016,http://www.indiedb.com/games/ivan-fukcoff
4017,http://www.indiedb.com/games/tobes-vertical-adventure
4018,http://www.indiedb.com/games/bunny-must-die
4070,http://www.indiedb.com/games/sonic-nebulous
4091,http://www.indiedb.com/games/crawl1
4095,http://www.indiedb.com/games/the-banner-saga
4096,http://www.indiedb.com/games/pitman
4100,http://www.indiedb.com/games/satazius
4104,http://www.indiedb.com/games/pokemon-legends-of-kanto
4105,http://www.indiedb.com/games/lumen
4120,http://www.indiedb.com/games/platinum-arts-sandbox
4121,http://www.indiedb.com/games/sword-of-the-stars
4127,http://www.indiedb.com/games/be-the-slender-man
4137,http://www.indiedb.com/games/adayinthewoods
4138,http://www.indiedb.com/games/tagimoto
4140,http://www.indiedb.com/games/slender-the-arrival
4143,http://www.indiedb.com/games/knock-knock
4148,http://www.indiedb.com/games/the-cursed-forest
4153,http://www.indiedb.com/games/the-stairwell-scp-087
4154,http://www.indiedb.com/games/hoard
4156,http://www.indiedb.com/games/cook-serve-delicious
4157,http://www.indiedb.com/games/king-arthurs-gold
4191,http://www.indiedb.com/games/slenderman-must-die-chapter-1
4232,http://www.indiedb.com/games/navigator
4235,http://www.indiedb.com/games/claustrophobia-the-downward-struggle
4236,http://www.indiedb.com/games/star-wars-the-ultimate-battle
4245,http://www.indiedb.com/games/embrace
4246,http://www.indiedb.com/games/debug-formulation
4247,http://www.indiedb.com/games/super-space-rubbish
4261,http://www.indiedb.com/games/rainbow-hero
4264,http://www.indiedb.com/games/snow-maze
4265,http://www.indiedb.com/games/smash-monsters-adventure
4298,http://www.indiedb.com/games/no-bugs-allowed
4310,http://www.indiedb.com/games/bullet-candy-perfect
4321,http://www.indiedb.com/games/wayward-terran-frontier
4356,http://www.indiedb.com/games/valdis-story-abyssal-city
4359,http://www.indiedb.com/games/heavy-hogur
4361,http://www.indiedb.com/games/iourbanterror
4365,http://www.indiedb.com/games/zcube
4366,http://www.indiedb.com/games/mutant-storm-reloaded
4367,http://www.indiedb.com/games/fulmination
4376,http://www.indiedb.com/games/neverball
4391,http://www.indiedb.com/games/death-and-the-fly
4392,http://www.indiedb.com/games/glob
4396,http://www.indiedb.com/games/bladesymphony
4398,http://www.indiedb.com/games/mitsurugi-kamui-hikae
4433,http://www.indiedb.com/games/crash-bandicoot-legacy
4437,http://www.indiedb.com/games/sweezy-gunner
4473,http://www.indiedb.com/games/uplink-trust-is-a-weakness
4478,http://www.indiedb.com/games/irr
4479,http://www.indiedb.com/games/on-the-shoulders-of-ancestors
4482,http://www.indiedb.com/games/vvvvvv
4483,http://www.indiedb.com/games/paperthin
4484,http://www.indiedb.com/games/dustforce
4492,http://www.indiedb.com/games/ghostcontrol-inc
4495,http://www.indiedb.com/games/data-hacker-initiation
4556,http://www.indiedb.com/games/bad-fur-day-remake
4627,http://www.indiedb.com/games/vexillum
4638,http://www.indiedb.com/games/sloth-patrol
4649,http://www.indiedb.com/games/shadowplay-journey-to-wonderland
4664,http://www.indiedb.com/games/hyperspace-pinball
4687,http://www.indiedb.com/games/ace-of-spades
4689,http://www.indiedb.com/games/the-adventures-of-shuggy
4709,http://www.indiedb.com/games/a-purr-tale
4710,http://www.indiedb.com/games/always-remember-me
4744,http://www.indiedb.com/games/crazy-machines
4751,http://www.indiedb.com/games/hard-time
4757,http://www.indiedb.com/games/marvins-mittens
4782,http://www.indiedb.com/games/endgamesyria
4785,http://www.indiedb.com/games/blockland
4826,http://www.indiedb.com/games/the-stanley-parable
4827,http://www.indiedb.com/games/boring-man
4828,http://www.indiedb.com/games/basketbelle
4834,http://www.indiedb.com/games/deepvoid
4836,http://www.indiedb.com/games/liquid-cubed
4852,http://www.indiedb.com/games/binding-of-isaac
4854,http://www.indiedb.com/games/cafe-0-the-drowned-mermaid
4857,http://www.indiedb.com/games/bastcraft
4858,http://www.indiedb.com/games/bloop
4909,http://www.indiedb.com/games/cubey
4913,http://www.indiedb.com/games/logic-bomb
4938,http://www.indiedb.com/games/starpoint-gemini
4939,http://www.indiedb.com/games/miner-warfare
4941,http://www.indiedb.com/games/conquest-of-elysium-3
4947,http://www.indiedb.com/games/puzzle-agent
4948,http://www.indiedb.com/games/voyage-to-farland
4969,http://www.indiedb.com/games/questrun
5044,http://www.indiedb.com/games/euthanasia
5045,http://www.indiedb.com/games/colourbind
5047,http://www.indiedb.com/games/freedom-planet
5048,http://www.indiedb.com/games/xotic
5062,http://www.indiedb.com/games/golf-war
5063,http://www.indiedb.com/games/fortix
5069,http://www.indiedb.com/games/conniption
5089,http://www.indiedb.com/games/10-min-space-strategy
5094,http://www.indiedb.com/games/cognition-episode-3-the-oracle
5165,http://www.indiedb.com/games/kitchen-krashers
5167,http://www.indiedb.com/games/sumo-battle
5189,http://www.indiedb.com/games/sky-alchemist
5219,http://www.indiedb.com/games/crusader-kings
5221,http://www.indiedb.com/games/arms-dealer
5223,http://www.indiedb.com/games/charnel
5231,http://www.indiedb.com/games/beware-planet-earth
5322,http://www.indiedb.com/games/tales-of-majeyal
5344,http://www.indiedb.com/games/alterego-dreamwalker
5392,http://www.indiedb.com/games/the-network
5393,http://www.indiedb.com/games/primordia
5405,http://www.indiedb.com/games/flying-hamster
5406,http://www.indiedb.com/games/crawle
5426,http://www.indiedb.com/games/facewound
5474,http://www.indiedb.com/games/transfusion
5481,http://www.indiedb.com/games/quadsmash
5513,http://www.indiedb.com/games/postal-2
5517,http://www.indiedb.com/games/the-dead-linger
5524,http://www.indiedb.com/games/one-finger-death-punch
5543,http://www.indiedb.com/games/tompi-jones
5544,http://www.indiedb.com/games/ghoulish-hijinks
5551,http://www.indiedb.com/games/dominions-4-thrones-of-ascensions
5557,http://www.indiedb.com/games/the-very-organized-thief
5562,http://www.indiedb.com/games/you-have-to-name-the-expansion-pack
5563,http://www.indiedb.com/games/risk-of-rain
5564,http://www.indiedb.com/games/miniflake
5579,http://www.indiedb.com/games/c-evo
5651,http://www.indiedb.com/games/survive
5706,http://www.indiedb.com/games/final-slam-2
5744,http://www.indiedb.com/games/go-go-nippon-my-first-trip-to-japan
5746,http://www.indiedb.com/games/blight2
5767,http://www.indiedb.com/games/notrium
5791,http://www.indiedb.com/games/decay
5807,http://www.indiedb.com/games/arcs
5825,http://www.indiedb.com/games/enamel
5845,http://www.indiedb.com/games/bitshifter
5862,http://www.indiedb.com/games/lost-ambitions
5873,http://www.indiedb.com/games/swiftstitch
5896,http://www.indiedb.com/games/monokrome
5945,http://www.indiedb.com/games/downfall-a-horror-adventure-game
5990,http://www.indiedb.com/games/sanctum-2
6003,http://www.indiedb.com/games/zafehouse-diaries
6026,http://www.indiedb.com/games/mrbree
6039,http://www.indiedb.com/games/one-night-full-circle
6046,http://www.indiedb.com/games/scribblewt
6062,http://www.indiedb.com/games/darkwind-war-on-wheels
6069,http://www.indiedb.com/games/space-slice
6077,http://www.indiedb.com/games/will-fight-for-food
6100,http://www.indiedb.com/games/antipodes
6138,http://www.indiedb.com/games/the-briefcase
6213,http://www.indiedb.com/games/pineapple-smash-crew
6240,http://www.indiedb.com/games/cherry-tree-high-comedy-club
6314,http://www.indiedb.com/games/top-snake
6350,http://www.indiedb.com/games/gravity-bomb
6373,http://www.indiedb.com/games/banzai-pecan-last-hope-for-the-young-century
6376,http://www.indiedb.com/games/longshot
6417,http://www.indiedb.com/games/dominions-ii-the-ascension-wars
6448,http://www.indiedb.com/games/bittrip-beat
6452,http://www.indiedb.com/games/project-dualis
6457,http://www.indiedb.com/games/lemmingball-z
6465,http://www.indiedb.com/games/mutant-mudds
6477,http://www.indiedb.com/games/mare-stellarum
6478,http://www.indiedb.com/games/worlds-of-magic
6479,http://www.indiedb.com/games/lords-of-the-black-sun
6480,http://www.indiedb.com/games/war-worlds
6481,http://www.indiedb.com/games/star-commander
6486,http://www.indiedb.com/games/predestination
6527,http://www.indiedb.com/games/st-chicken
6566,http://www.indiedb.com/games/metal-dead
6568,http://www.indiedb.com/games/drod-gunthro-and-the-epic-blunder
6569,http://www.indiedb.com/games/about-to-blow-up-part-1
6632,http://www.indiedb.com/games/cosmic-balls
6635,http://www.indiedb.com/games/jewel-venture
6660,http://www.indiedb.com/games/hairy-tales
6674,http://www.indiedb.com/games/mechanic-infantry
6679,http://www.indiedb.com/games/project-zomboid
6715,http://www.indiedb.com/games/gshift
6728,http://www.indiedb.com/games/mactabilis
6743,http://www.indiedb.com/games/sleepless-night
6745,http://www.indiedb.com/games/cam
6746,http://www.indiedb.com/games/orborun
6748,http://www.indiedb.com/games/untitled-project-038g-5
6749,http://www.indiedb.com/games/henry-attacks
6750,http://www.indiedb.com/games/super-chain-crusher-horizon
6811,http://www.indiedb.com/games/transphoria
6818,http://www.indiedb.com/games/kill-fun-yeah
6861,http://www.indiedb.com/games/battle-high-2
6863,http://www.indiedb.com/games/valkyrius
6908,http://www.indiedb.com/games/dungeon-prospector
6959,http://www.indiedb.com/games/chester
6960,http://www.indiedb.com/games/non-flying-soldiers
6962,http://www.indiedb.com/games/astroslugs
6968,http://www.indiedb.com/games/war-of-the-human-tanks
6981,http://www.indiedb.com/games/1931-scheherazade-at-the-library-of-pergamum
6983,http://www.indiedb.com/games/hacknet
6984,http://www.indiedb.com/games/re-alistair
6985,http://www.indiedb.com/games/curse-of-slate-rock-manor
7010,http://www.indiedb.com/games/ubinota
7047,http://www.indiedb.com/games/lugaru-the-rabbits-foot
7076,http://www.indiedb.com/games/bear-story
7080,http://www.indiedb.com/games/wooden-sensey
7083,http://www.indiedb.com/games/rogue-legacy
7085,http://www.indiedb.com/games/another-perspective
7089,http://www.indiedb.com/games/the-path
7103,http://www.indiedb.com/games/fairy-bloom-freesia
7112,http://www.indiedb.com/games/diehard-dungeon
7114,http://www.indiedb.com/games/the-unreal-world
7116,http://www.indiedb.com/games/refuge-beta-v1
7166,http://www.indiedb.com/games/collabryinth
7168,http://www.indiedb.com/games/knights-dungeon
7177,http://www.indiedb.com/games/delve-deeper
7268,http://www.indiedb.com/games/folk-tale
7270,http://www.indiedb.com/games/rising-empires
7303,http://www.indiedb.com/games/bridge-construction-set
7324,http://www.indiedb.com/games/puddle
7337,http://www.indiedb.com/games/sonic-the-hedgehog-3d
7372,http://www.indiedb.com/games/astralia
7412,http://www.indiedb.com/games/beatboxerplus
7528,http://www.indiedb.com/games/kelgaralpha
7536,http://www.indiedb.com/games/perfection-shapes
7543,http://www.indiedb.com/games/burning-thirst
7545,http://www.indiedb.com/games/re-get-to-schol-on-time
7552,http://www.indiedb.com/games/dreadout
7581,http://www.indiedb.com/games/virtus-per-verba-first-person-shouter
7587,http://www.indiedb.com/games/the-hunted-chronicle-2
7600,http://www.indiedb.com/games/war-of-the-voxels
7633,http://www.indiedb.com/games/jisei
7638,http://www.indiedb.com/games/stellarium
7681,http://www.indiedb.com/games/goodfolks
7707,http://www.indiedb.com/games/tennis-elbow-2013
7710,http://www.indiedb.com/games/chucks-challenge-3d
7740,http://www.indiedb.com/games/miniconomy
7805,http://www.indiedb.com/games/weird-worlds-return-to-infinite-space
7869,http://www.indiedb.com/games/dengen-chronicles-tcg
7908,http://www.indiedb.com/games/lumber-island
7954,http://www.indiedb.com/games/fistful-of-beef
7973,http://www.indiedb.com/games/the-shivah
7976,http://www.indiedb.com/games/destroy-the-porn
8017,http://www.indiedb.com/games/alien-arena-2008
8020,http://www.indiedb.com/games/koya-rift
8055,http://www.indiedb.com/games/super-meat-boy
8066,http://www.indiedb.com/games/la-mulana
8077,http://www.indiedb.com/games/the-hunted
8079,http://www.indiedb.com/games/nazi-zombies-portable
8105,http://www.indiedb.com/games/heroines-quest
8160,http://www.indiedb.com/games/in-space
8173,http://www.indiedb.com/games/modulated
8272,http://www.indiedb.com/games/dungeon-nightmares
8285,http://www.indiedb.com/games/richard-alice
8287,http://www.indiedb.com/games/cortex-command
8373,http://www.indiedb.com/games/arkhelom-3d
8378,http://www.indiedb.com/games/xonotic
8409,http://www.indiedb.com/games/long-live-the-queen
8475,http://www.indiedb.com/games/wiwis-adventures-3
8478,http://www.indiedb.com/games/squaball
8527,http://www.indiedb.com/games/fotonica
8542,http://www.indiedb.com/games/audio-venture
8587,http://www.indiedb.com/games/potatoman-seeks-the-troof
8589,http://www.indiedb.com/games/zero-ballistics
8709,http://www.indiedb.com/games/escape-goat
8811,http://www.indiedb.com/games/woody-two-legs-attack-of-the-zombie-pirates
8896,http://www.indiedb.com/games/rune-masters
8935,http://www.indiedb.com/games/along-came-a-spider
8960,http://www.indiedb.com/games/qbqbqb
8995,http://www.indiedb.com/games/bank-job
9164,http://www.indiedb.com/games/papers-please
9168,http://www.indiedb.com/games/ogs-mahjong
9311,http://www.indiedb.com/games/faerie-solitaire
9411,http://www.indiedb.com/games/outlast
9525,http://www.indiedb.com/games/rotieer
9534,http://www.indiedb.com/games/the-piano
9538,http://www.indiedb.com/games/mage-rage
9539,http://www.indiedb.com/games/8-bit-night
9546,http://www.indiedb.com/games/gears
9549,http://www.indiedb.com/games/candy-memory-the-apple-scroll-saga
9552,http://www.indiedb.com/games/monpuz
9554,http://www.indiedb.com/games/critical-mass
9557,http://www.indiedb.com/games/abzorb
9560,http://www.indiedb.com/games/sc-black-duck-studio-srl
9567,http://www.indiedb.com/games/ar-k
9571,http://www.indiedb.com/games/through
9609,http://www.indiedb.com/games/charge
9798,http://www.indiedb.com/games/nppd-rush-the-milk-of-ultra-violet
9815,http://www.indiedb.com/games/toxic-bunny-hd
9870,http://www.indiedb.com/games/invaders-corruption
9875,http://www.indiedb.com/games/ninja-guy
9891,http://www.indiedb.com/games/afterwind
9925,http://www.indiedb.com/games/ultionus-tale-of-petty-revenge
9949,http://www.indiedb.com/games/project-stormos
9991,http://www.indiedb.com/games/neo-scavenger
10140,http://www.indiedb.com/games/slender-parque
10144,http://www.indiedb.com/games/flyborg
10177,http://www.indiedb.com/games/pixeljunk-eden
10204,http://www.indiedb.com/games/its-a-wipe
10249,http://www.indiedb.com/games/tidalis
10265,http://www.indiedb.com/games/jamsouls
10281,http://www.indiedb.com/games/ctdv
10283,http://www.indiedb.com/games/apple-jack-12
10285,http://www.indiedb.com/games/lasercat
10291,http://www.indiedb.com/games/edgeland
10299,http://www.indiedb.com/games/shmup
10385,http://www.indiedb.com/games/bob-came-in-pieces
10428,http://www.indiedb.com/games/proxy
10445,http://www.indiedb.com/games/miner-wars-arena
10463,http://www.indiedb.com/games/beret
10488,http://www.indiedb.com/games/the-deep-well
10499,http://www.indiedb.com/games/jumpingline
10541,http://www.indiedb.com/games/mort-the-intern
10548,http://www.indiedb.com/games/lucius
10552,http://www.indiedb.com/games/into-the-wild-rocky-yonder
10554,http://www.indiedb.com/games/horizon-l3o
10578,http://www.indiedb.com/games/minecraft-slender
10702,http://www.indiedb.com/games/anna
10738,http://www.indiedb.com/games/syder-arcade
10799,http://www.indiedb.com/games/crystaltowers2
10800,http://www.indiedb.com/games/burn-pixel-wood
10839,http://www.indiedb.com/games/zeit
10925,http://www.indiedb.com/games/spookys-house-of-jump-scares
10946,http://www.indiedb.com/games/assaultcube
10965,http://www.indiedb.com/games/eets
11069,http://www.indiedb.com/games/slenderpants
11128,http://www.indiedb.com/games/project-visitor
11149,http://www.indiedb.com/games/bittrip-presents-runner2
11277,http://www.indiedb.com/games/samorost-2
11302,http://www.indiedb.com/games/hypersuper-cannon
11345,http://www.indiedb.com/games/spacious
11434,http://www.indiedb.com/games/vanquish-the-adventures-of-lady-exton
11600,http://www.indiedb.com/games/the-black-heart
11625,http://www.indiedb.com/games/slenders-woods
11649,http://www.indiedb.com/games/retroverse
11684,http://www.indiedb.com/games/aio-goes-home
11697,http://www.indiedb.com/games/gem-genetics
11731,http://www.indiedb.com/games/solar-struggle
11838,http://www.indiedb.com/games/crayon-chronicles
11876,http://www.indiedb.com/games/volt
11902,http://www.indiedb.com/games/eryis-action
11914,http://www.indiedb.com/games/you-still-wont-make-it
11960,http://www.indiedb.com/games/2x0ng
12012,http://www.indiedb.com/games/pon
12055,http://www.indiedb.com/games/western-bound
12060,http://www.indiedb.com/games/slydris
12070,http://www.indiedb.com/games/avoid
12072,http://www.indiedb.com/games/coda
12115,http://www.indiedb.com/games/an-apparently-normal-room
12171,http://www.indiedb.com/games/gear-jack
12241,http://www.indiedb.com/games/the-great-paper-adventure
12249,http://www.indiedb.com/games/exceed-gun-bullet-children
12264,http://www.indiedb.com/games/decalc
12333,http://www.indiedb.com/games/reef-shot
12346,http://www.indiedb.com/games/1000-amps
12370,http://www.indiedb.com/games/beast-boxing-turbo
12373,http://www.indiedb.com/games/hitogata-happa
12501,http://www.indiedb.com/games/zombie-run
12540,http://www.indiedb.com/games/puzzled-rabbit
12541,http://www.indiedb.com/games/roamaor
12544,http://www.indiedb.com/games/subterra
12590,http://www.indiedb.com/games/cry-of-fear
12605,http://www.indiedb.com/games/lurking
12621,http://www.indiedb.com/games/spintires
12624,http://www.indiedb.com/games/futuridium
13016,http://www.indiedb.com/games/mushroom-bounce
13019,http://www.indiedb.com/games/greed-corp
13033,http://www.indiedb.com/games/paranormal
13065,http://www.indiedb.com/games/gremlin-invasion-survivor
13379,http://www.indiedb.com/games/conspirocracy
13765,http://www.indiedb.com/games/faster-than-light
13773,http://www.indiedb.com/games/wooden-floor
13794,http://www.indiedb.com/games/mobiloid
13822,http://www.indiedb.com/games/loving-life
13875,http://www.indiedb.com/games/strategic-war-in-europe
13894,http://www.indiedb.com/games/project-lightspeed
13910,http://www.indiedb.com/games/the-train
13912,http://www.indiedb.com/games/air-master-3d
13938,http://www.indiedb.com/games/out-there-somewhere
14047,http://www.indiedb.com/games/legend-of-the-cookie
14055,http://www.indiedb.com/games/sushi-quest
14058,http://www.indiedb.com/games/too-many-me
14175,http://www.indiedb.com/games/star-lords
14182,http://www.indiedb.com/games/gates-of-horizon
14230,http://www.indiedb.com/games/alien-shooter
14316,http://www.indiedb.com/games/sam-glyph-private-eye
14390,http://www.indiedb.com/games/darys-legend
14456,http://www.indiedb.com/games/robominion
14638,http://www.indiedb.com/games/a-dark-secret
14761,http://www.indiedb.com/games/brainpipe-a-plunge-to-unhumanity
14873,http://www.indiedb.com/games/stack-overload
14943,http://www.indiedb.com/games/probability-0
15051,http://www.indiedb.com/games/a-pixel-escape
15114,http://www.indiedb.com/games/xcvb
15245,http://www.indiedb.com/games/donald-dowell-and-the-ghost-of-barker-manor
15270,http://www.indiedb.com/games/i-get-this-call-every-day
15274,http://www.indiedb.com/games/havenforge
15304,http://www.indiedb.com/games/uemeu
15363,http://www.indiedb.com/games/solar-2
15438,http://www.indiedb.com/games/live-hard
15467,http://www.indiedb.com/games/gender-bender-dna-twister-extreme
15503,http://www.indiedb.com/games/scud-storm
15568,http://www.indiedb.com/games/hylophobia
15645,http://www.indiedb.com/games/cloudphobia
15711,http://www.indiedb.com/games/pathofexile
15790,http://www.indiedb.com/games/antipole
15800,http://www.indiedb.com/games/man-in-a-maze
15872,http://www.indiedb.com/games/world-of-padman
15944,http://www.indiedb.com/games/last-knight
16008,http://www.indiedb.com/games/deity
16232,http://www.indiedb.com/games/srb2
16308,http://www.indiedb.com/games/fruit-on-rails
16389,http://www.indiedb.com/games/inconspycuous
16391,http://www.indiedb.com/games/cube1
16415,http://www.indiedb.com/games/alterego
16856,http://www.indiedb.com/games/iesabel
16931,http://www.indiedb.com/games/super-puzzle-platformer
16940,http://www.indiedb.com/games/bo
16953,http://www.indiedb.com/games/mos-speedrun
17110,http://www.indiedb.com/games/smiles-hd
17175,http://www.indiedb.com/games/slender-lost
17240,http://www.indiedb.com/games/neko-land
17437,http://www.indiedb.com/games/skylight
17477,http://www.indiedb.com/games/infekted-zombies-revenge
17591,http://www.indiedb.com/games/auditorium
17776,http://www.indiedb.com/games/megabyte-punch
18041,http://www.indiedb.com/games/finalexit
